{"0": [[[-121.89689771324798, 39.15930923934924], [-121.89689771324801, 39.21412530392492], [-121.93098876130593, 39.21413490862735], [-121.89689771324798, 39.15930923934924]]], "1": [[[-121.93098876130593, 39.214134908627365], [-121.89689771324801, 39.214125303924924], [-121.89689771324798, 39.31412530392492], [-121.94347968267435, 39.314135948112536], [-121.94689771324798, 39.23968723660515], [-121.93098876130593, 39.214134908627365]]], "2": [[[-121.94347968267435, 39.31413594811255], [-121.89689771324801, 39.314125303924925], [-121.89689771324798, 39.41412530392492], [-121.93887709867084, 39.41413573015605], [-121.94347968267435, 39.31413594811255]]], "3": [[[-121.93887709867084, 39.41413573015607], [-121.89689771324801, 39.414125303924926], [-121.89689771324801, 39.51412530392492], [-121.93426129235635, 39.514135328846876], [-121.93887709867084, 39.41413573015607]]], "4": [[[-121.93426129235635, 39.514135328846876], [-121.89689771324801, 39.51412530392492], [-121.89689771324798, 39.614125303924915], [-121.92963217848876, 39.614134742242854], [-121.93426129235635, 39.514135328846876]]], "5": [[[-121.92963217848876, 39.61413474224286], [-121.89689771324798, 39.61412530392492], [-121.89689771324798, 39.70848963838458], [-121.9258791101457, 39.69499794844688], [-121.92963217848876, 39.61413474224286]]], "6": [[[-121.79689771324801, 38.99793635835145], [-121.79689771324799, 39.01412530392493], [-121.80690910626947, 39.01412914939439], [-121.79689771324801, 38.99793635835145]]], "7": [[[-121.80690910626947, 39.01412914939439], [-121.79689771324799, 39.01412530392493], [-121.79689771324799, 39.114125303924915], [-121.86885186607279, 39.11413392398759], [-121.80690910626947, 39.01412914939439]]], "8": [[[-121.86885186607279, 39.1141339239876], [-121.79689771324799, 39.11412530392493], [-121.79689771324799, 39.21412530392492], [-121.89689771324801, 39.21412530392492], [-121.89689771324798, 39.15930923934924], [-121.86885186607279, 39.1141339239876]]], "9": [[[-121.89689771324801, 39.214125303924924], [-121.79689771324799, 39.214125303924924], [-121.79689771324799, 39.31412530392492], [-121.89689771324798, 39.31412530392492], [-121.89689771324801, 39.214125303924924]]], "10": [[[-121.89689771324801, 39.314125303924925], [-121.79689771324799, 39.314125303924925], [-121.79689771324799, 39.414125303924926], [-121.89689771324798, 39.41412530392492], [-121.89689771324801, 39.314125303924925]]], "11": [[[-121.89689771324801, 39.414125303924926], [-121.79689771324799, 39.414125303924926], [-121.79689771324799, 39.51412530392492], [-121.89689771324801, 39.51412530392492], [-121.89689771324801, 39.414125303924926]]], "12": [[[-121.89689771324801, 39.51412530392492], [-121.79689771324799, 39.51412530392492], [-121.79689771324799, 39.614125303924915], [-121.89689771324798, 39.614125303924915], [-121.89689771324801, 39.51412530392492]]], "13": [[[-121.89689771324798, 39.61412530392492], [-121.79689771324799, 39.61412530392492], [-121.79689771324799, 39.71412530392492], [-121.88477401486581, 39.71412987364226], [-121.89689771324798, 39.70848963838458], [-121.89689771324798, 39.61412530392492]]], "14": [[[-121.88477401486576, 39.714129873642264], [-121.79689771324799, 39.714125303924924], [-121.79689771324799, 39.754946812155744], [-121.88477401486576, 39.714129873642264]]], "15": [[[-121.69689771324796, 38.835738310331905], [-121.69689771324796, 38.914125303924926], [-121.74516859087572, 38.914135954262996], [-121.69689771324796, 38.835738310331905]]], "16": [[[-121.74516859087572, 38.914135954262996], [-121.69689771324796, 38.91412530392493], [-121.69689771324796, 39.01412530392493], [-121.79689771324796, 39.01412530392493], [-121.79689771324796, 38.99793635835142], [-121.74516859087572, 38.914135954262996]]], "17": [[[-121.79689771324796, 39.01412530392493], [-121.69689771324796, 39.01412530392493], [-121.69689771324796, 39.114125303924915], [-121.79689771324796, 39.114125303924915], [-121.79689771324796, 39.01412530392493]]], "18": [[[-121.79689771324796, 39.11412530392493], [-121.69689771324796, 39.11412530392493], [-121.69689771324796, 39.21412530392492], [-121.79689771324796, 39.214125303924924], [-121.79689771324796, 39.11412530392493]]], "19": [[[-121.79689771324796, 39.21412530392493], [-121.69689771324796, 39.214125303924924], [-121.69689771324796, 39.31412530392492], [-121.79689771324796, 39.31412530392492], [-121.79689771324796, 39.21412530392493]]], "20": [[[-121.79689771324796, 39.31412530392493], [-121.69689771324796, 39.314125303924925], [-121.69689771324796, 39.41412530392492], [-121.79689771324796, 39.41412530392492], [-121.79689771324796, 39.31412530392493]]], "21": [[[-121.79689771324796, 39.414125303924926], [-121.69689771324796, 39.414125303924926], [-121.69689771324796, 39.51412530392492], [-121.79689771324796, 39.51412530392492], [-121.79689771324796, 39.414125303924926]]], "22": [[[-121.79689771324796, 39.51412530392492], [-121.69689771324796, 39.51412530392492], [-121.69689771324796, 39.614125303924915], [-121.79689771324796, 39.61412530392492], [-121.79689771324796, 39.51412530392492]]], "23": [[[-121.79689771324796, 39.61412530392493], [-121.69689771324796, 39.61412530392492], [-121.69689771324796, 39.67298113589937], [-121.72035007015097, 39.71413300410265], [-121.79689771324796, 39.71412530392492], [-121.79689771324796, 39.61412530392493]]], "24": [[[-121.79689771324796, 39.714125303924924], [-121.720350070151, 39.714133004102656], [-121.75478870296867, 39.77446508767902], [-121.79689771324796, 39.75494681215575], [-121.79689771324796, 39.714125303924924]]], "25": [[[-121.59689771324797, 38.81311625052029], [-121.59689771324797, 38.81412530392492], [-121.68361405082176, 38.81413021336669], [-121.65290775321334, 38.76412530392494], [-121.59689771324797, 38.81311625052029]]], "26": [[[-121.68361405082176, 38.8141302133667], [-121.59689771324797, 38.81412530392493], [-121.59689771324797, 38.91412530392492], [-121.69689771324796, 38.914125303924926], [-121.69689771324796, 38.835738310331905], [-121.68361405082176, 38.8141302133667]]], "27": [[[-121.69689771324796, 38.91412530392493], [-121.59689771324797, 38.914125303924926], [-121.59689771324797, 39.01412530392493], [-121.69689771324796, 39.01412530392493], [-121.69689771324796, 38.91412530392493]]], "28": [[[-121.69689771324796, 39.01412530392493], [-121.59689771324797, 39.01412530392493], [-121.59689771324797, 39.114125303924915], [-121.69689771324796, 39.114125303924915], [-121.69689771324796, 39.01412530392493]]], "29": [[[-121.69689771324796, 39.11412530392493], [-121.59689771324797, 39.11412530392493], [-121.59689771324797, 39.21412530392492], [-121.69689771324796, 39.21412530392492], [-121.69689771324796, 39.11412530392493]]], "30": [[[-121.69689771324796, 39.214125303924924], [-121.59689771324797, 39.214125303924924], [-121.59689771324797, 39.31412530392492], [-121.69689771324796, 39.31412530392492], [-121.69689771324796, 39.214125303924924]]], "31": [[[-121.69689771324796, 39.314125303924925], [-121.59689771324797, 39.314125303924925], [-121.59689771324797, 39.41412530392492], [-121.69689771324796, 39.41412530392492], [-121.69689771324796, 39.314125303924925]]], "32": [[[-121.69689771324796, 39.414125303924926], [-121.59689771324797, 39.414125303924926], [-121.59689771324797, 39.49690648450436], [-121.60665459754385, 39.514129075570324], [-121.69689771324796, 39.51412530392492], [-121.69689771324796, 39.414125303924926]]], "33": [[[-121.69689771324796, 39.51412530392492], [-121.60665459754385, 39.514129075570324], [-121.66341450239261, 39.61413485066562], [-121.69689771324796, 39.614125303924915], [-121.69689771324796, 39.51412530392492]]], "34": [[[-121.69689771324796, 39.61412530392492], [-121.66341450239261, 39.61413485066564], [-121.69689771324796, 39.67298113589937], [-121.69689771324796, 39.61412530392492]]],